<NoScroll.xml>
    <!--
        Îòêëþ÷åíèå ïåðåõîäà ìåæäó ðåæèìàìè èñïîëüçóÿ scroll(êîëåñèêî ìûøêè)
        "True" -  ìîäèôèêàöèÿ âêëþ÷åíà
        "False" - ìîäèôèêàöèÿ îòêëþ÷åíà (ðàâíîñèëüíî îòñóòñòâèþ ìîäèôèêàöèè)
        Åñëè äàííûé ôàéë(gui/noscroll.xml) îòñóòñòâóåò - ðàâíîñèëüíî "<noscroll>False</noscroll>"
    -->
    <!--
        "True" disables mouse scroll to enter Sniper Mode, "False" mouse scroll enabled (default)
    -->
    <noScroll>False</noScroll>

    <!--
        Îïðåäåëåíèå äåôîëòîâîé êðàòíîñòè ïðè àêòèâàöèè ñíàéïåðñêîãî ðåæèìà
        <defZoom>True</defZoom> - ïðè àêòèâèðîâàíèè ñíàéïåðñêîãî ðåæèìà óñòàíàëèâàåòñÿ êðàòíîñòü çóìà
                                  óêàçàííàÿ ïàðàìåòðîì <defZoomVal>X</defZoomVal>
        <defZoom>False</defZoom> - îòêëþ÷àåò ìîäèôèêàöèþ
    -->
    <!--
        "True" min. zoom lvl. used for first step of sniper mode (default), "False" remember last time used zoom lvl.
    -->
    <defZoom>False</defZoom>
    <!--
        Zoom level for first step of sniper mode, works only if "defZoom" is "False"
    -->
    <defZoomVal>2.0</defZoomVal>
</NoScroll.xml>