<ZoomX.xml>
    <!--
        Ìíîãî-ñòóïåí÷àòûé ñíàéïåðñêèéî ïðèöåë
        <zoomX>True</zoomX> - âêëþ÷åí
        <zoomX>False</zoomX> - îòêëþ÷åí (ðàâíîñèëüíî îòñóòñòâèþ ìîäèôèêàöèè)
        Åñëè äàííûé ôàéë(gui/zoomX.xml) îòñóòñòâóåò - ðàâíîñèëüíî "<zoomX>False</zoomX>"
    -->
    <!--
        "True" enable Multistage zoom in sniper mode. "False" disables (default).
    --> 
    <zoomX>True</zoomX>

    <!--
        Âîçìîæíî îïðåäåëèòü íåñêîëüêî çíà÷åíèé äî 10 âêëþ÷èòåëüíî
        Ðàçäåëåíèå çíà÷åíèé çíàêîì "ïðîáåë"
        Âîçìîæíî óñòàíàâëèâàòü íå öåëûå çíà÷åíèÿ. íàïðèìåð 0.5, 0.7, 2.8 è ò.ä.
        Ïàðàìåòð <zooms> â ýòîì ôàéëå ðàáîòàåò èñêëþ÷èòåëüíî ñ <zoomX>True</zoomX>
    -->
    <!--
        Up to 10 steps can be configured, separate each one with "SPACE" key. No higher than 30x (default 2 4 8).
    --> 
    <zooms>2 4 6 8 10 12 16 20 24 30</zooms>
</ZoomX.xml>