{"header":{"version":14},"data":[{"IDNum":"3089","expFrag":"2.11","expDamage":"278.00","expSpot":"2.35","expDef":"1.84","expWinRate":"59.54"},{"IDNum":"3329","expFrag":"2.10","expDamage":"270.00","expSpot":"1.55","expDef":"1.81","expWinRate":"60.46"},{"IDNum":"577","expFrag":"2.01","expDamage":"268.00","expSpot":"2.12","expDef":"2.17","expWinRate":"60.24"},{"IDNum":"1329","expFrag":"2.05","expDamage":"274.00","expSpot":"1.51","expDef":"2.10","expWinRate":"60.00"},{"IDNum":"545","expFrag":"2.14","expDamage":"265.00","expSpot":"2.67","expDef":"1.78","expWinRate":"61.40"},{"IDNum":"81","expFrag":"2.05","expDamage":"260.00","expSpot":"1.38","expDef":"1.76","expWinRate":"57.88"},{"IDNum":"609","expFrag":"2.05","expDamage":"260.00","expSpot":"1.38","expDef":"1.76","expWinRate":"57.88"},{"IDNum":"1025","expFrag":"1.89","expDamage":"306.00","expSpot":"2.20","expDef":"1.58","expWinRate":"57.80"},{"IDNum":"5201","expFrag":"1.73","expDamage":"301.00","expSpot":"1.97","expDef":"1.40","expWinRate":"58.67"},{"IDNum":"7761","expFrag":"2.09","expDamage":"349.00","expSpot":"2.24","expDef":"1.42","expWinRate":"64.03"},{"IDNum":"1601","expFrag":"1.46","expDamage":"250.00","expSpot":"1.24","expDef":"2.90","expWinRate":"53.96"},{"IDNum":"1345","expFrag":"1.52","expDamage":"249.00","expSpot":"1.32","expDef":"2.43","expWinRate":"58.69"},{"IDNum":"1825","expFrag":"1.75","expDamage":"281.00","expSpot":"2.73","expDef":"1.76","expWinRate":"60.49"},{"IDNum":"785","expFrag":"1.95","expDamage":"311.00","expSpot":"2.01","expDef":"2.19","expWinRate":"57.60"},{"IDNum":"52497","expFrag":"2.20","expDamage":"352.00","expSpot":"1.88","expDef":"2.72","expWinRate":"54.01"},{"IDNum":"12817","expFrag":"1.72","expDamage":"266.00","expSpot":"3.18","expDef":"2.66","expWinRate":"59.06"},{"IDNum":"2065","expFrag":"1.69","expDamage":"272.00","expSpot":"2.05","expDef":"1.78","expWinRate":"56.14"},{"IDNum":"53537","expFrag":"1.62","expDamage":"269.00","expSpot":"2.05","expDef":"1.43","expWinRate":"57.06"},{"IDNum":"51489","expFrag":"1.70","expDamage":"275.00","expSpot":"3.12","expDef":"1.64","expWinRate":"58.98"},{"IDNum":"4609","expFrag":"1.87","expDamage":"302.00","expSpot":"1.26","expDef":"2.33","expWinRate":"54.63"},{"IDNum":"15361","expFrag":"1.80","expDamage":"299.00","expSpot":"1.71","expDef":"2.37","expWinRate":"57.55"},{"IDNum":"54529","expFrag":"1.96","expDamage":"323.00","expSpot":"1.63","expDef":"1.87","expWinRate":"59.43"},{"IDNum":"2353","expFrag":"1.85","expDamage":"308.00","expSpot":"1.72","expDef":"1.83","expWinRate":"60.49"},{"IDNum":"55073","expFrag":"1.80","expDamage":"295.00","expSpot":"2.02","expDef":"2.02","expWinRate":"58.04"},{"IDNum":"865","expFrag":"1.80","expDamage":"295.00","expSpot":"2.02","expDef":"2.02","expWinRate":"58.04"},{"IDNum":"54865","expFrag":"1.80","expDamage":"295.00","expSpot":"2.02","expDef":"2.02","expWinRate":"58.04"},{"IDNum":"5665","expFrag":"1.92","expDamage":"310.00","expSpot":"2.01","expDef":"1.92","expWinRate":"57.24"},{"IDNum":"337","expFrag":"1.80","expDamage":"297.00","expSpot":"1.23","expDef":"1.67","expWinRate":"57.37"},{"IDNum":"353","expFrag":"1.80","expDamage":"297.00","expSpot":"1.23","expDef":"1.67","expWinRate":"57.37"},{"IDNum":"15121","expFrag":"1.47","expDamage":"280.00","expSpot":"0.17","expDef":"2.23","expWinRate":"51.21"},{"IDNum":"10577","expFrag":"1.47","expDamage":"280.00","expSpot":"0.17","expDef":"2.23","expWinRate":"51.21"},{"IDNum":"833","expFrag":"1.44","expDamage":"278.00","expSpot":"0.18","expDef":"1.85","expWinRate":"52.70"},{"IDNum":"3841","expFrag":"1.42","expDamage":"267.00","expSpot":"0.17","expDef":"2.51","expWinRate":"49.78"},{"IDNum":"2081","expFrag":"1.56","expDamage":"296.00","expSpot":"0.30","expDef":"2.33","expWinRate":"51.15"},{"IDNum":"5121","expFrag":"1.74","expDamage":"307.00","expSpot":"0.46","expDef":"1.66","expWinRate":"56.42"},{"IDNum":"3601","expFrag":"1.95","expDamage":"330.00","expSpot":"0.94","expDef":"1.78","expWinRate":"59.68"},{"IDNum":"7745","expFrag":"2.02","expDamage":"334.00","expSpot":"0.86","expDef":"1.65","expWinRate":"54.47"},{"IDNum":"6177","expFrag":"2.48","expDamage":"360.00","expSpot":"1.21","expDef":"1.79","expWinRate":"60.50"},{"IDNum":"8273","expFrag":"1.95","expDamage":"321.00","expSpot":"1.48","expDef":"1.77","expWinRate":"60.98"},{"IDNum":"5953","expFrag":"0.95","expDamage":"222.00","expSpot":"1.05","expDef":"1.64","expWinRate":"55.07"},{"IDNum":"769","expFrag":"0.94","expDamage":"229.00","expSpot":"2.19","expDef":"1.38","expWinRate":"51.27"},{"IDNum":"52225","expFrag":"1.52","expDamage":"346.00","expSpot":"1.54","expDef":"1.94","expWinRate":"61.00"},{"IDNum":"6993","expFrag":"1.51","expDamage":"330.00","expSpot":"1.02","expDef":"1.20","expWinRate":"57.99"},{"IDNum":"7505","expFrag":"1.65","expDamage":"381.00","expSpot":"1.92","expDef":"1.31","expWinRate":"60.33"},{"IDNum":"56577","expFrag":"1.68","expDamage":"343.00","expSpot":"1.22","expDef":"2.46","expWinRate":"58.40"},{"IDNum":"52769","expFrag":"1.22","expDamage":"287.00","expSpot":"2.94","expDef":"1.27","expWinRate":"58.31"},{"IDNum":"52737","expFrag":"1.02","expDamage":"232.00","expSpot":"1.78","expDef":"1.18","expWinRate":"50.83"},{"IDNum":"289","expFrag":"1.09","expDamage":"252.00","expSpot":"2.66","expDef":"1.57","expWinRate":"53.72"},{"IDNum":"52001","expFrag":"1.39","expDamage":"314.00","expSpot":"1.95","expDef":"1.64","expWinRate":"57.44"},{"IDNum":"3345","expFrag":"1.68","expDamage":"384.00","expSpot":"1.58","expDef":"1.77","expWinRate":"56.45"},{"IDNum":"12561","expFrag":"1.31","expDamage":"277.00","expSpot":"3.01","expDef":"1.41","expWinRate":"57.25"},{"IDNum":"13073","expFrag":"1.15","expDamage":"288.00","expSpot":"1.99","expDef":"1.63","expWinRate":"59.52"},{"IDNum":"51729","expFrag":"2.14","expDamage":"405.00","expSpot":"2.08","expDef":"3.01","expWinRate":"63.00"},{"IDNum":"4881","expFrag":"1.20","expDamage":"268.00","expSpot":"1.84","expDef":"1.53","expWinRate":"53.33"},{"IDNum":"53505","expFrag":"1.89","expDamage":"393.00","expSpot":"1.83","expDef":"1.88","expWinRate":"59.79"},{"IDNum":"54801","expFrag":"1.29","expDamage":"295.00","expSpot":"3.61","expDef":"1.66","expWinRate":"59.71"},{"IDNum":"3073","expFrag":"1.17","expDamage":"284.00","expSpot":"1.57","expDef":"1.27","expWinRate":"53.17"},{"IDNum":"15105","expFrag":"1.47","expDamage":"361.00","expSpot":"1.72","expDef":"1.37","expWinRate":"62.46"},{"IDNum":"4401","expFrag":"1.57","expDamage":"384.00","expSpot":"1.47","expDef":"1.71","expWinRate":"59.80"},{"IDNum":"2401","expFrag":"1.39","expDamage":"314.00","expSpot":"1.95","expDef":"1.64","expWinRate":"57.44"},{"IDNum":"51809","expFrag":"1.39","expDamage":"314.00","expSpot":"1.95","expDef":"1.64","expWinRate":"57.44"},{"IDNum":"321","expFrag":"1.38","expDamage":"320.00","expSpot":"0.97","expDef":"2.07","expWinRate":"59.59"},{"IDNum":"4897","expFrag":"1.38","expDamage":"301.00","expSpot":"1.45","expDef":"1.15","expWinRate":"53.29"},{"IDNum":"51985","expFrag":"1.90","expDamage":"425.00","expSpot":"1.58","expDef":"1.94","expWinRate":"62.00"},{"IDNum":"2385","expFrag":"1.15","expDamage":"290.00","expSpot":"1.04","expDef":"0.47","expWinRate":"51.20"},{"IDNum":"2145","expFrag":"1.45","expDamage":"334.00","expSpot":"1.26","expDef":"1.41","expWinRate":"56.52"},{"IDNum":"54609","expFrag":"1.30","expDamage":"490.00","expSpot":"0.16","expDef":"1.93","expWinRate":"55.11"},{"IDNum":"3409","expFrag":"1.30","expDamage":"490.00","expSpot":"0.16","expDef":"1.93","expWinRate":"55.11"},{"IDNum":"54049","expFrag":"1.30","expDamage":"490.00","expSpot":"0.16","expDef":"1.93","expWinRate":"55.11"},{"IDNum":"3393","expFrag":"1.39","expDamage":"500.00","expSpot":"0.15","expDef":"2.20","expWinRate":"54.24"},{"IDNum":"3617","expFrag":"1.04","expDamage":"567.00","expSpot":"0.16","expDef":"1.89","expWinRate":"53.00"},{"IDNum":"2833","expFrag":"1.31","expDamage":"383.00","expSpot":"0.21","expDef":"1.57","expWinRate":"57.02"},{"IDNum":"7681","expFrag":"1.60","expDamage":"586.00","expSpot":"0.16","expDef":"2.17","expWinRate":"57.28"},{"IDNum":"5905","expFrag":"1.15","expDamage":"415.00","expSpot":"0.16","expDef":"1.81","expWinRate":"54.00"},{"IDNum":"2369","expFrag":"1.96","expDamage":"472.00","expSpot":"1.03","expDef":"2.15","expWinRate":"59.00"},{"IDNum":"6673","expFrag":"1.51","expDamage":"428.00","expSpot":"1.08","expDef":"1.51","expWinRate":"58.41"},{"IDNum":"8257","expFrag":"1.58","expDamage":"389.00","expSpot":"1.02","expDef":"2.09","expWinRate":"57.84"},{"IDNum":"6401","expFrag":"1.49","expDamage":"396.00","expSpot":"0.87","expDef":"1.70","expWinRate":"54.36"},{"IDNum":"6433","expFrag":"1.57","expDamage":"389.00","expSpot":"1.31","expDef":"1.11","expWinRate":"58.10"},{"IDNum":"8017","expFrag":"1.76","expDamage":"401.00","expSpot":"0.94","expDef":"1.64","expWinRate":"59.00"},{"IDNum":"1089","expFrag":"1.16","expDamage":"348.00","expSpot":"1.20","expDef":"1.49","expWinRate":"51.63"},{"IDNum":"13329","expFrag":"1.16","expDamage":"348.00","expSpot":"1.20","expDef":"1.49","expWinRate":"51.63"},{"IDNum":"52241","expFrag":"1.96","expDamage":"527.00","expSpot":"1.79","expDef":"2.22","expWinRate":"60.16"},{"IDNum":"2049","expFrag":"0.90","expDamage":"270.00","expSpot":"3.34","expDef":"0.62","expWinRate":"48.95"},{"IDNum":"2881","expFrag":"0.93","expDamage":"297.00","expSpot":"0.92","expDef":"1.39","expWinRate":"53.09"},{"IDNum":"6481","expFrag":"1.11","expDamage":"378.00","expSpot":"1.81","expDef":"1.15","expWinRate":"55.60"},{"IDNum":"5153","expFrag":"1.03","expDamage":"334.00","expSpot":"3.12","expDef":"1.28","expWinRate":"57.84"},{"IDNum":"3121","expFrag":"1.08","expDamage":"377.00","expSpot":"2.62","expDef":"1.15","expWinRate":"55.52"},{"IDNum":"8209","expFrag":"0.92","expDamage":"290.00","expSpot":"2.71","expDef":"1.11","expWinRate":"54.03"},{"IDNum":"6161","expFrag":"1.34","expDamage":"339.00","expSpot":"2.75","expDef":"1.32","expWinRate":"56.52"},{"IDNum":"9473","expFrag":"0.97","expDamage":"339.00","expSpot":"4.02","expDef":"1.07","expWinRate":"59.40"},{"IDNum":"15873","expFrag":"1.17","expDamage":"404.00","expSpot":"1.87","expDef":"2.06","expWinRate":"58.07"},{"IDNum":"4945","expFrag":"0.96","expDamage":"370.00","expSpot":"0.88","expDef":"1.28","expWinRate":"53.78"},{"IDNum":"52481","expFrag":"1.45","expDamage":"396.00","expSpot":"1.75","expDef":"1.78","expWinRate":"55.72"},{"IDNum":"2913","expFrag":"1.11","expDamage":"359.00","expSpot":"2.39","expDef":"1.36","expWinRate":"56.28"},{"IDNum":"52993","expFrag":"0.87","expDamage":"273.00","expSpot":"2.86","expDef":"0.56","expWinRate":"53.98"},{"IDNum":"3105","expFrag":"1.14","expDamage":"377.00","expSpot":"0.87","expDef":"0.97","expWinRate":"51.78"},{"IDNum":"51457","expFrag":"1.55","expDamage":"562.00","expSpot":"0.91","expDef":"2.08","expWinRate":"59.66"},{"IDNum":"4369","expFrag":"1.19","expDamage":"360.00","expSpot":"2.15","expDef":"1.16","expWinRate":"55.49"},{"IDNum":"1537","expFrag":"1.19","expDamage":"421.00","expSpot":"1.24","expDef":"0.97","expWinRate":"51.85"},{"IDNum":"13585","expFrag":"1.30","expDamage":"424.00","expSpot":"1.71","expDef":"1.36","expWinRate":"57.92"},{"IDNum":"1633","expFrag":"1.27","expDamage":"429.00","expSpot":"1.38","expDef":"1.31","expWinRate":"55.34"},{"IDNum":"10833","expFrag":"1.11","expDamage":"477.00","expSpot":"0.16","expDef":"1.94","expWinRate":"51.11"},{"IDNum":"14657","expFrag":"1.11","expDamage":"477.00","expSpot":"0.16","expDef":"1.94","expWinRate":"51.11"},{"IDNum":"4641","expFrag":"1.15","expDamage":"419.00","expSpot":"0.17","expDef":"1.90","expWinRate":"49.49"},{"IDNum":"15633","expFrag":"1.10","expDamage":"471.00","expSpot":"0.16","expDef":"2.44","expWinRate":"55.16"},{"IDNum":"4625","expFrag":"1.16","expDamage":"436.00","expSpot":"0.18","expDef":"1.68","expWinRate":"50.46"},{"IDNum":"4865","expFrag":"1.02","expDamage":"582.00","expSpot":"0.16","expDef":"1.73","expWinRate":"49.33"},{"IDNum":"9041","expFrag":"1.49","expDamage":"504.00","expSpot":"1.48","expDef":"1.66","expWinRate":"55.33"},{"IDNum":"1809","expFrag":"1.63","expDamage":"533.00","expSpot":"0.64","expDef":"1.37","expWinRate":"57.58"},{"IDNum":"10273","expFrag":"1.42","expDamage":"516.00","expSpot":"1.54","expDef":"1.77","expWinRate":"57.49"},{"IDNum":"9793","expFrag":"1.19","expDamage":"409.00","expSpot":"0.59","expDef":"1.14","expWinRate":"53.90"},{"IDNum":"6913","expFrag":"1.44","expDamage":"519.00","expSpot":"1.00","expDef":"1.45","expWinRate":"55.48"},{"IDNum":"7713","expFrag":"1.45","expDamage":"533.00","expSpot":"1.15","expDef":"1.46","expWinRate":"56.56"},{"IDNum":"11281","expFrag":"1.42","expDamage":"533.00","expSpot":"0.64","expDef":"1.37","expWinRate":"57.58"},{"IDNum":"6721","expFrag":"1.22","expDamage":"654.00","expSpot":"0.83","expDef":"1.11","expWinRate":"52.93"},{"IDNum":"2897","expFrag":"1.24","expDamage":"671.00","expSpot":"0.90","expDef":"1.43","expWinRate":"53.96"},{"IDNum":"51713","expFrag":"1.30","expDamage":"614.00","expSpot":"1.17","expDef":"1.51","expWinRate":"52.73"},{"IDNum":"54353","expFrag":"1.32","expDamage":"582.00","expSpot":"1.32","expDef":"1.89","expWinRate":"53.90"},{"IDNum":"1281","expFrag":"1.01","expDamage":"590.00","expSpot":"0.72","expDef":"0.52","expWinRate":"51.16"},{"IDNum":"11777","expFrag":"1.22","expDamage":"653.00","expSpot":"0.80","expDef":"1.00","expWinRate":"53.41"},{"IDNum":"11777","expFrag":"1.22","expDamage":"653.00","expSpot":"0.80","expDef":"1.00","expWinRate":"53.41"},{"IDNum":"51201","expFrag":"1.39","expDamage":"593.00","expSpot":"1.46","expDef":"0.62","expWinRate":"54.00"},{"IDNum":"54017","expFrag":"1.39","expDamage":"593.00","expSpot":"1.46","expDef":"0.62","expWinRate":"54.00"},{"IDNum":"3361","expFrag":"1.24","expDamage":"636.00","expSpot":"1.14","expDef":"1.15","expWinRate":"53.98"},{"IDNum":"33","expFrag":"1.35","expDamage":"593.00","expSpot":"1.53","expDef":"1.31","expWinRate":"54.02"},{"IDNum":"2577","expFrag":"1.17","expDamage":"677.00","expSpot":"1.45","expDef":"0.90","expWinRate":"51.80"},{"IDNum":"2129","expFrag":"1.06","expDamage":"489.00","expSpot":"1.71","expDef":"1.25","expWinRate":"54.16"},{"IDNum":"14145","expFrag":"0.73","expDamage":"464.00","expSpot":"2.88","expDef":"0.77","expWinRate":"53.91"},{"IDNum":"9761","expFrag":"0.69","expDamage":"538.00","expSpot":"2.67","expDef":"0.81","expWinRate":"53.27"},{"IDNum":"9729","expFrag":"0.61","expDamage":"380.00","expSpot":"4.79","expDef":"0.80","expWinRate":"54.50"},{"IDNum":"9729","expFrag":"0.61","expDamage":"380.00","expSpot":"4.79","expDef":"0.80","expWinRate":"54.50"},{"IDNum":"5393","expFrag":"0.73","expDamage":"357.00","expSpot":"3.20","expDef":"0.80","expWinRate":"53.30"},{"IDNum":"51553","expFrag":"1.15","expDamage":"530.00","expSpot":"1.41","expDef":"1.19","expWinRate":"54.27"},{"IDNum":"1377","expFrag":"1.15","expDamage":"530.00","expSpot":"1.41","expDef":"1.19","expWinRate":"54.27"},{"IDNum":"1057","expFrag":"1.73","expDamage":"801.00","expSpot":"1.57","expDef":"1.31","expWinRate":"60.24"},{"IDNum":"52257","expFrag":"0.94","expDamage":"401.00","expSpot":"1.45","expDef":"0.94","expWinRate":"51.74"},{"IDNum":"5409","expFrag":"0.98","expDamage":"441.00","expSpot":"2.15","expDef":"1.12","expWinRate":"53.32"},{"IDNum":"53585","expFrag":"1.22","expDamage":"536.00","expSpot":"0.78","expDef":"1.28","expWinRate":"52.98"},{"IDNum":"849","expFrag":"1.40","expDamage":"587.00","expSpot":"1.16","expDef":"1.61","expWinRate":"55.82"},{"IDNum":"6417","expFrag":"0.98","expDamage":"455.00","expSpot":"1.65","expDef":"1.00","expWinRate":"53.07"},{"IDNum":"17","expFrag":"1.23","expDamage":"607.00","expSpot":"1.26","expDef":"1.07","expWinRate":"54.88"},{"IDNum":"55057","expFrag":"1.23","expDamage":"607.00","expSpot":"1.26","expDef":"1.07","expWinRate":"54.88"},{"IDNum":"51745","expFrag":"1.19","expDamage":"538.00","expSpot":"1.37","expDef":"1.31","expWinRate":"55.69"},{"IDNum":"54545","expFrag":"1.22","expDamage":"596.00","expSpot":"1.55","expDef":"1.29","expWinRate":"55.52"},{"IDNum":"1","expFrag":"1.15","expDamage":"528.00","expSpot":"1.44","expDef":"1.24","expWinRate":"54.75"},{"IDNum":"4657","expFrag":"1.18","expDamage":"538.00","expSpot":"1.45","expDef":"1.25","expWinRate":"53.54"},{"IDNum":"2113","expFrag":"1.39","expDamage":"710.00","expSpot":"0.12","expDef":"2.01","expWinRate":"52.80"},{"IDNum":"4161","expFrag":"1.22","expDamage":"675.00","expSpot":"0.12","expDef":"2.26","expWinRate":"51.40"},{"IDNum":"11089","expFrag":"1.11","expDamage":"620.00","expSpot":"0.12","expDef":"1.76","expWinRate":"55.29"},{"IDNum":"5649","expFrag":"1.08","expDamage":"648.00","expSpot":"0.11","expDef":"1.58","expWinRate":"51.03"},{"IDNum":"4129","expFrag":"0.99","expDamage":"874.00","expSpot":"0.12","expDef":"1.33","expWinRate":"50.44"},{"IDNum":"16385","expFrag":"1.16","expDamage":"705.00","expSpot":"0.12","expDef":"1.79","expWinRate":"52.19"},{"IDNum":"8785","expFrag":"1.29","expDamage":"617.00","expSpot":"0.79","expDef":"1.97","expWinRate":"55.00"},{"IDNum":"6945","expFrag":"1.26","expDamage":"627.00","expSpot":"0.95","expDef":"1.42","expWinRate":"54.24"},{"IDNum":"10049","expFrag":"1.26","expDamage":"649.00","expSpot":"0.82","expDef":"1.26","expWinRate":"51.59"},{"IDNum":"1041","expFrag":"1.21","expDamage":"616.00","expSpot":"0.73","expDef":"1.40","expWinRate":"53.19"},{"IDNum":"257","expFrag":"1.21","expDamage":"608.00","expSpot":"0.54","expDef":"1.22","expWinRate":"52.36"},{"IDNum":"53761","expFrag":"1.21","expDamage":"608.00","expSpot":"0.54","expDef":"1.22","expWinRate":"52.36"},{"IDNum":"10529","expFrag":"1.46","expDamage":"700.00","expSpot":"1.71","expDef":"1.67","expWinRate":"56.89"},{"IDNum":"16145","expFrag":"1.32","expDamage":"681.00","expSpot":"0.86","expDef":"1.32","expWinRate":"54.17"},{"IDNum":"2625","expFrag":"0.96","expDamage":"813.00","expSpot":"0.84","expDef":"0.85","expWinRate":"51.08"},{"IDNum":"4689","expFrag":"1.06","expDamage":"802.00","expSpot":"0.76","expDef":"1.18","expWinRate":"52.39"},{"IDNum":"2817","expFrag":"1.33","expDamage":"1003.00","expSpot":"1.16","expDef":"0.94","expWinRate":"56.56"},{"IDNum":"10497","expFrag":"1.15","expDamage":"900.00","expSpot":"0.74","expDef":"0.84","expWinRate":"53.31"},{"IDNum":"801","expFrag":"1.07","expDamage":"845.00","expSpot":"1.03","expDef":"0.92","expWinRate":"52.17"},{"IDNum":"11265","expFrag":"1.02","expDamage":"804.00","expSpot":"0.80","expDef":"0.79","expWinRate":"52.65"},{"IDNum":"2321","expFrag":"1.34","expDamage":"947.00","expSpot":"1.40","expDef":"1.40","expWinRate":"57.39"},{"IDNum":"53841","expFrag":"1.29","expDamage":"922.00","expSpot":"0.60","expDef":"1.41","expWinRate":"55.31"},{"IDNum":"53841","expFrag":"1.29","expDamage":"922.00","expSpot":"0.60","expDef":"1.41","expWinRate":"55.31"},{"IDNum":"4913","expFrag":"0.63","expDamage":"415.00","expSpot":"2.83","expDef":"0.81","expWinRate":"51.52"},{"IDNum":"6465","expFrag":"0.63","expDamage":"471.00","expSpot":"1.93","expDef":"0.69","expWinRate":"51.44"},{"IDNum":"16641","expFrag":"0.63","expDamage":"415.00","expSpot":"3.60","expDef":"0.86","expWinRate":"53.51"},{"IDNum":"15137","expFrag":"0.65","expDamage":"517.00","expSpot":"2.44","expDef":"0.76","expWinRate":"52.09"},{"IDNum":"10001","expFrag":"0.77","expDamage":"596.00","expSpot":"2.97","expDef":"0.62","expWinRate":"53.08"},{"IDNum":"64817","expFrag":"0.66","expDamage":"483.00","expSpot":"2.75","expDef":"0.75","expWinRate":"52.33"},{"IDNum":"12289","expFrag":"1.08","expDamage":"755.00","expSpot":"1.44","expDef":"1.21","expWinRate":"53.18"},{"IDNum":"51473","expFrag":"1.04","expDamage":"643.00","expSpot":"2.01","expDef":"1.30","expWinRate":"50.70"},{"IDNum":"54033","expFrag":"1.04","expDamage":"643.00","expSpot":"2.01","expDef":"1.30","expWinRate":"51.35"},{"IDNum":"1105","expFrag":"1.11","expDamage":"744.00","expSpot":"2.05","expDef":"1.09","expWinRate":"54.02"},{"IDNum":"10017","expFrag":"1.21","expDamage":"840.00","expSpot":"1.19","expDef":"1.38","expWinRate":"54.75"},{"IDNum":"1313","expFrag":"1.03","expDamage":"700.00","expSpot":"1.50","expDef":"1.11","expWinRate":"53.63"},{"IDNum":"57361","expFrag":"1.07","expDamage":"808.00","expSpot":"1.10","expDef":"1.62","expWinRate":"50.54"},{"IDNum":"2561","expFrag":"1.03","expDamage":"740.00","expSpot":"1.37","expDef":"1.02","expWinRate":"53.78"},{"IDNum":"5169","expFrag":"1.10","expDamage":"751.00","expSpot":"1.56","expDef":"1.22","expWinRate":"52.87"},{"IDNum":"14097","expFrag":"1.13","expDamage":"788.00","expSpot":"1.49","expDef":"1.33","expWinRate":"53.74"},{"IDNum":"7185","expFrag":"0.93","expDamage":"666.00","expSpot":"1.28","expDef":"0.89","expWinRate":"52.07"},{"IDNum":"15889","expFrag":"1.08","expDamage":"755.00","expSpot":"1.44","expDef":"1.21","expWinRate":"53.18"},{"IDNum":"1889","expFrag":"1.08","expDamage":"755.00","expSpot":"1.44","expDef":"1.21","expWinRate":"53.18"},{"IDNum":"4673","expFrag":"0.90","expDamage":"1052.00","expSpot":"0.11","expDef":"1.56","expWinRate":"49.39"},{"IDNum":"11857","expFrag":"0.95","expDamage":"889.00","expSpot":"0.13","expDef":"1.72","expWinRate":"49.00"},{"IDNum":"273","expFrag":"0.84","expDamage":"982.00","expSpot":"0.11","expDef":"1.28","expWinRate":"48.42"},{"IDNum":"16417","expFrag":"0.90","expDamage":"974.00","expSpot":"0.11","expDef":"1.52","expWinRate":"47.95"},{"IDNum":"5633","expFrag":"0.92","expDamage":"1101.00","expSpot":"0.11","expDef":"1.26","expWinRate":"49.77"},{"IDNum":"11585","expFrag":"0.99","expDamage":"765.00","expSpot":"0.68","expDef":"1.13","expWinRate":"48.76"},{"IDNum":"9553","expFrag":"1.24","expDamage":"916.00","expSpot":"0.73","expDef":"1.69","expWinRate":"54.00"},{"IDNum":"9809","expFrag":"0.92","expDamage":"704.00","expSpot":"0.46","expDef":"1.10","expWinRate":"50.85"},{"IDNum":"57105","expFrag":"1.20","expDamage":"892.00","expSpot":"0.76","expDef":"1.09","expWinRate":"51.40"},{"IDNum":"1553","expFrag":"1.08","expDamage":"748.00","expSpot":"0.72","expDef":"1.26","expWinRate":"52.37"},{"IDNum":"11553","expFrag":"1.37","expDamage":"1002.00","expSpot":"1.47","expDef":"1.60","expWinRate":"56.24"},{"IDNum":"7201","expFrag":"1.09","expDamage":"824.00","expSpot":"0.89","expDef":"1.23","expWinRate":"53.57"},{"IDNum":"3585","expFrag":"1.24","expDamage":"887.00","expSpot":"0.81","expDef":"1.19","expWinRate":"54.05"},{"IDNum":"54785","expFrag":"1.28","expDamage":"985.00","expSpot":"0.70","expDef":"0.86","expWinRate":"54.72"},{"IDNum":"11793","expFrag":"1.26","expDamage":"937.00","expSpot":"0.80","expDef":"1.14","expWinRate":"53.97"},{"IDNum":"6977","expFrag":"0.89","expDamage":"1021.00","expSpot":"0.93","expDef":"0.94","expWinRate":"50.70"},{"IDNum":"3153","expFrag":"0.96","expDamage":"1043.00","expSpot":"0.89","expDef":"1.10","expWinRate":"53.54"},{"IDNum":"513","expFrag":"1.06","expDamage":"1068.00","expSpot":"1.05","expDef":"0.79","expWinRate":"52.53"},{"IDNum":"3633","expFrag":"1.07","expDamage":"1153.00","expSpot":"1.11","expDef":"0.86","expWinRate":"53.10"},{"IDNum":"5889","expFrag":"1.09","expDamage":"1128.00","expSpot":"0.87","expDef":"0.77","expWinRate":"53.45"},{"IDNum":"529","expFrag":"0.93","expDamage":"1031.00","expSpot":"0.94","expDef":"0.98","expWinRate":"51.68"},{"IDNum":"10769","expFrag":"0.97","expDamage":"1095.00","expSpot":"0.93","expDef":"1.08","expWinRate":"53.17"},{"IDNum":"3873","expFrag":"1.13","expDamage":"1239.00","expSpot":"1.07","expDef":"1.04","expWinRate":"54.14"},{"IDNum":"5185","expFrag":"0.75","expDamage":"623.00","expSpot":"1.99","expDef":"0.77","expWinRate":"53.10"},{"IDNum":"14353","expFrag":"0.69","expDamage":"738.00","expSpot":"2.36","expDef":"0.71","expWinRate":"50.37"},{"IDNum":"15649","expFrag":"0.81","expDamage":"824.00","expSpot":"2.66","expDef":"0.85","expWinRate":"53.03"},{"IDNum":"305","expFrag":"0.70","expDamage":"685.00","expSpot":"2.43","expDef":"0.85","expWinRate":"52.18"},{"IDNum":"3377","expFrag":"0.73","expDamage":"752.00","expSpot":"2.59","expDef":"0.81","expWinRate":"52.48"},{"IDNum":"12545","expFrag":"1.00","expDamage":"943.00","expSpot":"1.59","expDef":"1.18","expWinRate":"55.71"},{"IDNum":"5457","expFrag":"1.04","expDamage":"958.00","expSpot":"1.82","expDef":"1.14","expWinRate":"54.07"},{"IDNum":"8961","expFrag":"0.85","expDamage":"750.00","expSpot":"1.59","expDef":"1.05","expWinRate":"52.94"},{"IDNum":"57617","expFrag":"0.99","expDamage":"942.00","expSpot":"1.27","expDef":"1.49","expWinRate":"52.41"},{"IDNum":"1297","expFrag":"0.84","expDamage":"850.00","expSpot":"1.11","expDef":"1.27","expWinRate":"51.64"},{"IDNum":"1569","expFrag":"0.97","expDamage":"932.00","expSpot":"1.69","expDef":"0.98","expWinRate":"53.52"},{"IDNum":"1073","expFrag":"1.03","expDamage":"1015.00","expSpot":"1.58","expDef":"1.04","expWinRate":"53.58"},{"IDNum":"6657","expFrag":"0.97","expDamage":"891.00","expSpot":"1.54","expDef":"1.00","expWinRate":"53.64"},{"IDNum":"4113","expFrag":"0.92","expDamage":"848.00","expSpot":"1.54","expDef":"1.02","expWinRate":"52.63"},{"IDNum":"56833","expFrag":"0.95","expDamage":"898.00","expSpot":"1.52","expDef":"1.12","expWinRate":"53.05"},{"IDNum":"57089","expFrag":"0.95","expDamage":"898.00","expSpot":"1.52","expDef":"1.12","expWinRate":"53.05"},{"IDNum":"1121","expFrag":"0.95","expDamage":"898.00","expSpot":"1.52","expDef":"1.12","expWinRate":"53.05"},{"IDNum":"11345","expFrag":"0.81","expDamage":"1226.00","expSpot":"0.10","expDef":"0.86","expWinRate":"48.50"},{"IDNum":"8977","expFrag":"0.81","expDamage":"1248.00","expSpot":"0.10","expDef":"0.91","expWinRate":"48.17"},{"IDNum":"7233","expFrag":"0.79","expDamage":"1235.00","expSpot":"0.10","expDef":"1.02","expWinRate":"48.87"},{"IDNum":"7969","expFrag":"0.81","expDamage":"1240.00","expSpot":"0.10","expDef":"0.89","expWinRate":"48.45"},{"IDNum":"1793","expFrag":"0.82","expDamage":"1180.00","expSpot":"0.10","expDef":"0.62","expWinRate":"48.50"},{"IDNum":"16129","expFrag":"0.81","expDamage":"1226.00","expSpot":"0.10","expDef":"0.86","expWinRate":"48.50"},{"IDNum":"10817","expFrag":"0.95","expDamage":"1043.00","expSpot":"0.72","expDef":"0.97","expWinRate":"51.34"},{"IDNum":"54097","expFrag":"0.92","expDamage":"1008.00","expSpot":"0.82","expDef":"1.21","expWinRate":"51.56"},{"IDNum":"10065","expFrag":"1.19","expDamage":"1249.00","expSpot":"0.69","expDef":"1.10","expWinRate":"54.00"},{"IDNum":"55569","expFrag":"1.34","expDamage":"1127.00","expSpot":"1.40","expDef":"2.25","expWinRate":"50.54"},{"IDNum":"3857","expFrag":"1.10","expDamage":"1123.00","expSpot":"0.68","expDef":"1.10","expWinRate":"51.94"},{"IDNum":"10241","expFrag":"1.02","expDamage":"1034.00","expSpot":"0.91","expDef":"1.14","expWinRate":"52.43"},{"IDNum":"55297","expFrag":"1.34","expDamage":"1251.00","expSpot":"0.82","expDef":"1.14","expWinRate":"54.32"},{"IDNum":"2305","expFrag":"1.12","expDamage":"1096.00","expSpot":"0.57","expDef":"0.94","expWinRate":"52.53"},{"IDNum":"9249","expFrag":"1.06","expDamage":"1057.00","expSpot":"0.81","expDef":"1.12","expWinRate":"53.20"},{"IDNum":"11041","expFrag":"1.01","expDamage":"1041.00","expSpot":"0.98","expDef":"1.26","expWinRate":"52.52"},{"IDNum":"11025","expFrag":"1.10","expDamage":"1123.00","expSpot":"0.68","expDef":"1.10","expWinRate":"52.69"},{"IDNum":"2865","expFrag":"0.94","expDamage":"1347.00","expSpot":"1.17","expDef":"0.87","expWinRate":"53.26"},{"IDNum":"64561","expFrag":"1.11","expDamage":"1415.00","expSpot":"1.11","expDef":"0.91","expWinRate":"53.28"},{"IDNum":"3137","expFrag":"1.12","expDamage":"1417.00","expSpot":"0.97","expDef":"1.07","expWinRate":"51.65"},{"IDNum":"3921","expFrag":"0.84","expDamage":"1257.00","expSpot":"1.06","expDef":"0.87","expWinRate":"52.11"},{"IDNum":"64065","expFrag":"1.00","expDamage":"1312.00","expSpot":"1.37","expDef":"1.11","expWinRate":"50.71"},{"IDNum":"5377","expFrag":"0.97","expDamage":"1346.00","expSpot":"1.03","expDef":"0.77","expWinRate":"52.09"},{"IDNum":"9217","expFrag":"1.11","expDamage":"1415.00","expSpot":"1.11","expDef":"0.91","expWinRate":"53.28"},{"IDNum":"9217","expFrag":"1.11","expDamage":"1415.00","expSpot":"1.11","expDef":"0.91","expWinRate":"53.28"},{"IDNum":"11009","expFrag":"0.85","expDamage":"1223.00","expSpot":"0.79","expDef":"0.71","expWinRate":"51.70"},{"IDNum":"53249","expFrag":"1.00","expDamage":"1248.00","expSpot":"1.11","expDef":"0.91","expWinRate":"50.31"},{"IDNum":"54289","expFrag":"0.83","expDamage":"1221.00","expSpot":"0.84","expDef":"0.79","expWinRate":"49.04"},{"IDNum":"52513","expFrag":"0.87","expDamage":"1113.00","expSpot":"1.22","expDef":"0.80","expWinRate":"47.06"},{"IDNum":"5137","expFrag":"0.89","expDamage":"1261.00","expSpot":"0.99","expDef":"0.83","expWinRate":"50.25"},{"IDNum":"4385","expFrag":"0.97","expDamage":"1336.00","expSpot":"1.21","expDef":"0.92","expWinRate":"52.77"},{"IDNum":"2849","expFrag":"0.87","expDamage":"1313.00","expSpot":"0.81","expDef":"0.68","expWinRate":"50.57"},{"IDNum":"10513","expFrag":"0.92","expDamage":"1258.00","expSpot":"1.25","expDef":"0.89","expWinRate":"51.16"},{"IDNum":"817","expFrag":"1.11","expDamage":"1415.00","expSpot":"1.11","expDef":"0.91","expWinRate":"53.28"},{"IDNum":"4929","expFrag":"0.81","expDamage":"846.00","expSpot":"2.37","expDef":"0.66","expWinRate":"53.77"},{"IDNum":"3889","expFrag":"0.68","expDamage":"804.00","expSpot":"2.87","expDef":"0.69","expWinRate":"52.11"},{"IDNum":"5969","expFrag":"0.87","expDamage":"1193.00","expSpot":"1.26","expDef":"1.07","expWinRate":"53.58"},{"IDNum":"13841","expFrag":"0.90","expDamage":"1213.00","expSpot":"1.13","expDef":"1.16","expWinRate":"50.29"},{"IDNum":"5921","expFrag":"0.95","expDamage":"1159.00","expSpot":"1.53","expDef":"1.11","expWinRate":"52.76"},{"IDNum":"13313","expFrag":"0.95","expDamage":"1186.00","expSpot":"1.91","expDef":"1.09","expWinRate":"53.04"},{"IDNum":"8465","expFrag":"0.90","expDamage":"1110.00","expSpot":"1.43","expDef":"1.04","expWinRate":"53.04"},{"IDNum":"2337","expFrag":"0.95","expDamage":"1159.00","expSpot":"1.53","expDef":"1.11","expWinRate":"52.76"},{"IDNum":"13345","expFrag":"0.89","expDamage":"1151.00","expSpot":"0.90","expDef":"1.10","expWinRate":"52.30"},{"IDNum":"1585","expFrag":"0.91","expDamage":"1115.00","expSpot":"1.66","expDef":"0.79","expWinRate":"52.30"},{"IDNum":"64049","expFrag":"0.91","expDamage":"1115.00","expSpot":"1.66","expDef":"0.79","expWinRate":"52.30"},{"IDNum":"4353","expFrag":"0.97","expDamage":"1114.00","expSpot":"1.74","expDef":"1.05","expWinRate":"54.68"},{"IDNum":"14625","expFrag":"1.21","expDamage":"1490.00","expSpot":"1.33","expDef":"1.48","expWinRate":"55.52"},{"IDNum":"49","expFrag":"0.99","expDamage":"1132.00","expSpot":"1.70","expDef":"1.02","expWinRate":"52.88"},{"IDNum":"561","expFrag":"0.99","expDamage":"1132.00","expSpot":"1.70","expDef":"1.02","expWinRate":"52.88"},{"IDNum":"2657","expFrag":"0.95","expDamage":"1186.00","expSpot":"1.41","expDef":"1.09","expWinRate":"53.04"},{"IDNum":"12113","expFrag":"0.88","expDamage":"1335.00","expSpot":"0.09","expDef":"0.61","expWinRate":"46.68"},{"IDNum":"15377","expFrag":"0.88","expDamage":"1335.00","expSpot":"0.09","expDef":"0.61","expWinRate":"47.62"},{"IDNum":"7489","expFrag":"0.85","expDamage":"1309.00","expSpot":"0.09","expDef":"0.72","expWinRate":"46.67"},{"IDNum":"7457","expFrag":"0.86","expDamage":"1378.00","expSpot":"0.09","expDef":"0.46","expWinRate":"47.61"},{"IDNum":"4097","expFrag":"0.92","expDamage":"1319.00","expSpot":"0.09","expDef":"0.66","expWinRate":"48.58"},{"IDNum":"55313","expFrag":"1.00","expDamage":"1378.00","expSpot":"0.72","expDef":"1.14","expWinRate":"50.48"},{"IDNum":"12097","expFrag":"1.00","expDamage":"1359.00","expSpot":"0.80","expDef":"0.95","expWinRate":"50.97"},{"IDNum":"8529","expFrag":"1.15","expDamage":"1533.00","expSpot":"0.63","expDef":"1.31","expWinRate":"53.26"},{"IDNum":"7697","expFrag":"1.07","expDamage":"1455.00","expSpot":"0.62","expDef":"0.90","expWinRate":"50.53"},{"IDNum":"7425","expFrag":"1.18","expDamage":"1561.00","expSpot":"0.59","expDef":"0.81","expWinRate":"51.04"},{"IDNum":"11537","expFrag":"1.14","expDamage":"1544.00","expSpot":"0.76","expDef":"0.98","expWinRate":"50.97"},{"IDNum":"9985","expFrag":"1.02","expDamage":"1278.00","expSpot":"0.93","expDef":"1.11","expWinRate":"50.39"},{"IDNum":"8225","expFrag":"1.01","expDamage":"1353.00","expSpot":"0.51","expDef":"0.95","expWinRate":"49.66"},{"IDNum":"11297","expFrag":"1.07","expDamage":"1467.00","expSpot":"0.51","expDef":"1.06","expWinRate":"50.58"},{"IDNum":"16657","expFrag":"1.22","expDamage":"1652.00","expSpot":"0.81","expDef":"1.05","expWinRate":"54.54"},{"IDNum":"3905","expFrag":"1.12","expDamage":"1692.00","expSpot":"0.90","expDef":"0.87","expWinRate":"50.81"},{"IDNum":"4433","expFrag":"0.90","expDamage":"1604.00","expSpot":"1.04","expDef":"0.68","expWinRate":"49.96"},{"IDNum":"9745","expFrag":"0.96","expDamage":"1595.00","expSpot":"1.00","expDef":"0.69","expWinRate":"51.37"},{"IDNum":"11521","expFrag":"0.96","expDamage":"1571.00","expSpot":"1.12","expDef":"0.67","expWinRate":"50.35"},{"IDNum":"9505","expFrag":"0.92","expDamage":"1578.00","expSpot":"1.09","expDef":"0.67","expWinRate":"50.82"},{"IDNum":"10753","expFrag":"0.96","expDamage":"1608.00","expSpot":"0.92","expDef":"0.70","expWinRate":"52.55"},{"IDNum":"7441","expFrag":"0.90","expDamage":"1488.00","expSpot":"0.93","expDef":"0.60","expWinRate":"49.63"},{"IDNum":"2097","expFrag":"0.91","expDamage":"1586.00","expSpot":"1.34","expDef":"0.54","expWinRate":"52.66"},{"IDNum":"5713","expFrag":"0.90","expDamage":"1503.00","expSpot":"1.22","expDef":"0.79","expWinRate":"50.50"},{"IDNum":"10257","expFrag":"1.01","expDamage":"1518.00","expSpot":"1.47","expDef":"0.82","expWinRate":"52.24"},{"IDNum":"14865","expFrag":"0.96","expDamage":"1485.00","expSpot":"1.27","expDef":"1.09","expWinRate":"49.51"},{"IDNum":"5697","expFrag":"1.09","expDamage":"1380.00","expSpot":"1.47","expDef":"0.95","expWinRate":"53.24"},{"IDNum":"8993","expFrag":"1.02","expDamage":"1503.00","expSpot":"1.64","expDef":"0.81","expWinRate":"52.47"},{"IDNum":"7937","expFrag":"1.11","expDamage":"1568.00","expSpot":"1.90","expDef":"0.95","expWinRate":"55.23"},{"IDNum":"15393","expFrag":"1.14","expDamage":"1670.00","expSpot":"1.05","expDef":"0.81","expWinRate":"51.79"},{"IDNum":"1841","expFrag":"0.99","expDamage":"1524.00","expSpot":"1.64","expDef":"0.77","expWinRate":"53.20"},{"IDNum":"17665","expFrag":"0.99","expDamage":"1524.00","expSpot":"1.64","expDef":"0.77","expWinRate":"53.20"},{"IDNum":"3425","expFrag":"0.99","expDamage":"1524.00","expSpot":"1.64","expDef":"0.77","expWinRate":"53.20"},{"IDNum":"8449","expFrag":"0.85","expDamage":"1556.00","expSpot":"0.09","expDef":"0.57","expWinRate":"49.17"},{"IDNum":"14401","expFrag":"1.02","expDamage":"1576.00","expSpot":"0.09","expDef":"0.59","expWinRate":"48.93"},{"IDNum":"11601","expFrag":"0.86","expDamage":"1619.00","expSpot":"0.09","expDef":"0.58","expWinRate":"48.32"},{"IDNum":"8721","expFrag":"0.86","expDamage":"1552.00","expSpot":"0.09","expDef":"0.61","expWinRate":"49.30"},{"IDNum":"16161","expFrag":"0.86","expDamage":"1619.00","expSpot":"0.09","expDef":"0.58","expWinRate":"48.32"},{"IDNum":"11073","expFrag":"1.03","expDamage":"1674.00","expSpot":"0.97","expDef":"0.90","expWinRate":"51.90"},{"IDNum":"7953","expFrag":"1.09","expDamage":"1777.00","expSpot":"0.66","expDef":"0.77","expWinRate":"49.84"},{"IDNum":"8193","expFrag":"1.16","expDamage":"1842.00","expSpot":"0.69","expDef":"0.70","expWinRate":"52.00"},{"IDNum":"12033","expFrag":"1.06","expDamage":"1575.00","expSpot":"0.96","expDef":"0.94","expWinRate":"50.27"},{"IDNum":"2593","expFrag":"1.02","expDamage":"1733.00","expSpot":"0.72","expDef":"0.64","expWinRate":"50.69"},{"IDNum":"8737","expFrag":"1.06","expDamage":"1646.00","expSpot":"0.46","expDef":"0.76","expWinRate":"49.81"},{"IDNum":"52561","expFrag":"1.11","expDamage":"1772.00","expSpot":"0.57","expDef":"1.07","expWinRate":"51.99"},{"IDNum":"16401","expFrag":"1.16","expDamage":"1842.00","expSpot":"0.69","expDef":"0.70","expWinRate":"52.00"},{"IDNum":"5425","expFrag":"0.88","expDamage":"1748.00","expSpot":"1.23","expDef":"0.66","expWinRate":"49.50"},{"IDNum":"6209","expFrag":"1.07","expDamage":"1915.00","expSpot":"1.03","expDef":"0.87","expWinRate":"50.15"},{"IDNum":"6209","expFrag":"1.07","expDamage":"1915.00","expSpot":"1.03","expDef":"0.87","expWinRate":"50.15"},{"IDNum":"9489","expFrag":"0.94","expDamage":"1836.00","expSpot":"0.98","expDef":"0.52","expWinRate":"50.59"},{"IDNum":"6225","expFrag":"0.92","expDamage":"1859.00","expSpot":"1.06","expDef":"0.76","expWinRate":"47.41"},{"IDNum":"6145","expFrag":"0.91","expDamage":"1791.00","expSpot":"1.08","expDef":"0.78","expWinRate":"49.75"},{"IDNum":"7169","expFrag":"0.86","expDamage":"1700.00","expSpot":"1.13","expDef":"0.56","expWinRate":"50.07"},{"IDNum":"6929","expFrag":"0.82","expDamage":"1631.00","expSpot":"0.89","expDef":"0.68","expWinRate":"49.77"},{"IDNum":"10785","expFrag":"0.90","expDamage":"1802.00","expSpot":"1.19","expDef":"0.74","expWinRate":"50.23"},{"IDNum":"14881","expFrag":"1.16","expDamage":"2159.00","expSpot":"0.85","expDef":"0.78","expWinRate":"51.43"},{"IDNum":"58641","expFrag":"0.86","expDamage":"1700.00","expSpot":"1.13","expDef":"0.56","expWinRate":"50.07"},{"IDNum":"4145","expFrag":"0.95","expDamage":"1704.00","expSpot":"1.39","expDef":"0.69","expWinRate":"51.04"},{"IDNum":"3649","expFrag":"1.19","expDamage":"1761.00","expSpot":"2.12","expDef":"0.84","expWinRate":"52.51"},{"IDNum":"12305","expFrag":"0.94","expDamage":"1701.00","expSpot":"1.42","expDef":"0.66","expWinRate":"49.77"},{"IDNum":"7249","expFrag":"0.93","expDamage":"1726.00","expSpot":"1.34","expDef":"0.60","expWinRate":"48.85"},{"IDNum":"14609","expFrag":"0.93","expDamage":"1736.00","expSpot":"1.46","expDef":"0.82","expWinRate":"47.28"},{"IDNum":"14113","expFrag":"0.97","expDamage":"1716.00","expSpot":"1.58","expDef":"0.63","expWinRate":"50.52"},{"IDNum":"15905","expFrag":"0.91","expDamage":"1735.00","expSpot":"1.31","expDef":"0.60","expWinRate":"48.50"},{"IDNum":"16897","expFrag":"0.98","expDamage":"1682.00","expSpot":"1.61","expDef":"0.74","expWinRate":"50.40"},{"IDNum":"17153","expFrag":"0.98","expDamage":"1682.00","expSpot":"1.61","expDef":"0.74","expWinRate":"50.40"},{"IDNum":"15617","expFrag":"0.98","expDamage":"1682.00","expSpot":"1.61","expDef":"0.74","expWinRate":"50.40"},{"IDNum":"13825","expFrag":"0.98","expDamage":"1682.00","expSpot":"1.61","expDef":"0.74","expWinRate":"50.40"},{"IDNum":"3681","expFrag":"0.93","expDamage":"1736.00","expSpot":"1.46","expDef":"0.82","expWinRate":"47.28"},{"IDNum":"11841","expFrag":"1.02","expDamage":"1682.00","expSpot":"0.08","expDef":"0.94","expWinRate":"50.11"},{"IDNum":"11841","expFrag":"1.02","expDamage":"1682.00","expSpot":"0.08","expDef":"0.94","expWinRate":"50.11"},{"IDNum":"12369","expFrag":"0.87","expDamage":"1778.00","expSpot":"0.08","expDef":"0.58","expWinRate":"49.00"},{"IDNum":"9233","expFrag":"0.86","expDamage":"1651.00","expSpot":"0.08","expDef":"0.56","expWinRate":"49.55"},{"IDNum":"8705","expFrag":"0.91","expDamage":"1682.00","expSpot":"0.08","expDef":"0.65","expWinRate":"48.94"},{"IDNum":"8481","expFrag":"0.86","expDamage":"1693.00","expSpot":"0.08","expDef":"0.58","expWinRate":"48.24"},{"IDNum":"13889","expFrag":"1.33","expDamage":"2296.00","expSpot":"0.95","expDef":"0.68","expWinRate":"52.77"},{"IDNum":"9297","expFrag":"1.15","expDamage":"2179.00","expSpot":"0.60","expDef":"0.58","expWinRate":"49.03"},{"IDNum":"12049","expFrag":"1.02","expDamage":"1943.00","expSpot":"0.66","expDef":"0.49","expWinRate":"48.61"},{"IDNum":"14337","expFrag":"1.13","expDamage":"2027.00","expSpot":"0.94","expDef":"1.07","expWinRate":"50.67"},{"IDNum":"13569","expFrag":"1.21","expDamage":"2219.00","expSpot":"0.85","expDef":"0.71","expWinRate":"51.17"},{"IDNum":"13857","expFrag":"1.10","expDamage":"2072.00","expSpot":"0.73","expDef":"0.50","expWinRate":"51.04"},{"IDNum":"13089","expFrag":"1.03","expDamage":"2053.00","expSpot":"0.81","expDef":"0.56","expWinRate":"48.93"},{"IDNum":"16913","expFrag":"1.40","expDamage":"2388.00","expSpot":"0.95","expDef":"0.68","expWinRate":"53.83"}]}