{
    "showStatForBattle": true,
    "battleStatPatterns": [
        {
            "pattern": "(Получено кредитов: )<font color='#C5CFCF'>[\\d ]+",
            "repl": "\\1<font color='{{c:credits}}'>{{credits}}"
        },
        {
            "pattern": "(Получено опыта: )<font color='#C8C8B5'>([\\d ]+)",
            "repl": "\\1<font color='{{g:medPlace}}'>\\2"
        },
        {
            "pattern": " за первую победу в день",
            "repl": ""
        },
        {
            "pattern": "Достижения в бою",
            "repl": "Достижения"
        },
        {
            "pattern": "(\\d) степень",
            "repl": "\\1 ст."
        }
    ],
    "battleStatText": [
        "<font color='#CCCCCC'>WN8: <font color='{{g:WN8}}'><b>{{WN8}} ({{XWN8}})</b></font>",
		"<font color='#CCCCCC'>Kills: <font color='#FFFFFF'><b>{{totalFrag}}</b><tab><font color='#CCCCCC'>Hits/Shots: <font color='#FFFFFF'><b>{{totalHits}}</b>/<b>{{totalShots}}</b>"
    ],
    "overwriteBattleResultBgIcon": false,
    "bgIconDefeat": "../../scripts/client/mods/Defeat.png",
    "bgIconDraw": "../../scripts/client/mods/Draw.png",
    "bgIconWin": "../../scripts/client/mods/Win.png",
    "hideMessagePatterns": [
        "Рекомендуем выполнить привязку вашего аккаунта к телефону",
        "Рекомендуем сменить пароль",
        "Ремонт .* выполнен успешно",
        "Боекомплект на .* пополнен успешно",
        "Снаряжение на .* пополнено успешно",
        "Высадка танкиста в Казарму выполнена успешно",
        "Пересадка танкиста выполнена успешно"
    ],
    "debugBattleResultMessage": false,
    "onlineReloadConfig": false,
    "ignoreBattleType": [2, 4, 7],
    "showResetButton": true,
    "textResetButton": "Reset",
    "dailyAutoReset": true,
    "dailyAutoResetHour": 4,
    "enableBattleEndedMessage": true,
    "battleEndedMessageDefeat": "<img src='img://scripts/client/mods/Benoz//BattleResultIcon.png' width='16' height='16' align='baseline' vspace='-2'> <font color='#FE0E00'>Battle on {{map}} - {{vehicle}} ended in Defeat.</font>",
    "battleEndedMessageDraw": "<img src='img://scripts/client/mods/Benoz//BattleResultIcon.png' width='16' height='16' align='baseline' vspace='-2'> <font color='#FE7903'>Battle on {{map}} - {{vehicle}} ended in a Draw.</font>",
    "battleEndedMessageWin": "<img src='img://scripts/client/mods/Benoz//BattleResultIcon.png' width='16' height='16' align='baseline' vspace='-2'> <font color='#60FF00'>Battle on {{map}} - {{vehicle}} ended in a Victory!</font>",
    "bgIcon": "",
    "template": [
        "<textformat leading='-4' tabstops='[50,130,190]'><font color='#FFCC66'>Victory:</font><tab><img src='img://scripts/client/mods/Benoz//TournamentBattleResultIcon.png' width='12' height='12' align='baseline' vspace='-2'> <font color='{{g:rWIN}}'><b>{{winsCount}}/{{battlesCount}}<tab>{{avgWinRate}}%<tab>{{rWIN}}</b></font>",
        "",
		"<img src='img://scripts/client/mods/Benoz//Line.png' width='217' height='5' align='baseline' vspace='4'>",
		"<font color='#FFCC66'>Damage:</font><tab><font color='#FFFFFF'><b>{{totalDmg}}</b></font><font color='#FFCC66'><tab>Average:<tab><font color='#FFFFFF'><b>{{avgDamage}}</b></font>",
        "<font color='#FFCC66'>Hits:</font><tab><font color='#FFFFFF'><b>{{totalHits}}</b></font><font color='#FFCC66'><tab>Kills:<tab><font color='#FFFFFF'><b>{{totalFrag}}</b></font>",
        "<font color='#FFCC66'>Spots:</font><tab><font color='#FFFFFF'><b>{{totalSpot}}</b></font><font color='#FFCC66'><tab>Shots:<tab><font color='#FFFFFF'><b>{{totalShots}}</b></font>",
		"",
        "<font color='#FFCC66'>Exp:</font><tab><img src='img://scripts/client/mods/Benoz//FreeXpIcon.png' width='12' height='12' align='baseline' vspace='-2'> <font color='#FFFFFF'><b>{{totalXP}}</b><tab><font color='#FFCC66'>(<font color='#FFFFFF'>Ø <font color='{{g:avgXp}}'><b>{{avgOriginalXP}}</b><font color='#FFCC66'>)</font></textformat></font>",
        "<font color='#FFCC66'>Credits:</font><tab><img src='img://scripts/client/mods/Benoz//CreditsIcon.png' width='12' height='12' align='baseline' vspace='-2'> <font color='{{c:credits}}'><b>{{credits}}</b><tab><font color='#FFCC66'>(<font color='#FFFFFF'>Ø <font color='{{g:avgCredits}}'><b>{{avgCredits}}</b><font color='#FFCC66'>)</font></textformat></font>",
		"",
		"<img src='img://scripts/client/mods/Benoz//Line.png' width='217' height='5' align='baseline' vspace='4'>",
		"<font color='#FFCC66'>Eff:</font><tab><font color='{{g:EFF}}'><b>{{EFF}}</b></font>",
		"<font color='#FFCC66'>WN6:</font><tab><font color='{{g:WN6}}'><b>{{WN6}}</b></font>",
		"<font color='#FFCC66'>WN8:</font><tab><font color='{{g:WN8}}'><b>{{WN8}}</b> <font color='#FFCC66'>(<b><font color='{{g:WN8}}'>{{XWN8}}</b><font color='#FFCC66'>)</font>"
		
    ],
    "showStatByTank": true,
    "textGeneralPageButton": "By Tanks",
    "textByTankPageButton": "General",
    "byTankTitle": "<font size='13' color='#FFCC66'><textformat leading='-4' tabstops='[70,115,160]'>Tank<tab>Victory<tab>Dmg<tab>WN8</textformat></font><hr>",		
    "byTankRow": "<font size='12'><textformat leading='-4' tabstops='[70,115,160]'><font color='#FFE6B3'>{{name}}</font><tab><font color='{{g:rWIN}}'>{{winsCount}}/{{battlesCount}}</font><tab><font color='{{g:rDAMAGE}}'>{{avgDamage}}</font><tab><font color='{{g:WN8}}'>{{WN8}} ({{XWN8}})</font></textformat></font>",
    "gradient": {
        "WN8": [
            {"value": 310, "color": "#FE0E00"},
            {"value": 750, "color": "#FE7903"},
            {"value": 1310, "color": "#F8F400"},
            {"value": 1965, "color": "#60FF00"},
            {"value": 2540, "color": "#02C9B3"},
            {"value": 3000, "color": "#D042F3"}
        ],
		"WN6": [
            {"value": 300, "color": "#FE0E00"},
            {"value": 410, "color": "#FE7903"},
            {"value": 795, "color": "#F8F400"},
            {"value": 1185, "color": "#60FF00"},
            {"value": 1585, "color": "#02C9B3"},
            {"value": 1925, "color": "#D042F3"}
		],
		"EFF": [
            {"value": 400, "color": "#660000"},
			{"value": 620, "color": "#FF0000"},
            {"value": 840, "color": "#FF6633"},
            {"value": 1060, "color": "#FFFF00"},
            {"value": 1280, "color": "#00FF33"},
            {"value": 1500, "color": "#00CC99"},
            {"value": 1650, "color": "#00CCFF"},
            {"value": 1800, "color": "#0066CC"},
			{"value": 2050, "color": "#9933CC"},
			{"value": 2500, "color": "#9999FF"},
            {"value": 3000, "color": "#CCFFFF"}
        ],
        "rWIN": [
            {"value": 0.34, "color": "#FE0E00"},
            {"value": 0.57, "color": "#FE7903"},
            {"value": 0.81, "color": "#F8F400"},
            {"value": 1.03, "color": "#60FF00"},
            {"value": 1.22, "color": "#02C9B3"},
            {"value": 1.57, "color": "#D042F3"}
        ],
        "rDAMAGE": [
            {"value": 0.34, "color": "#FE0E00"},
            {"value": 0.57, "color": "#FE7903"},
            {"value": 0.81, "color": "#F8F400"},
            {"value": 1.03, "color": "#60FF00"},
            {"value": 1.22, "color": "#02C9B3"},
            {"value": 1.57, "color": "#D042F3"}
        ],
        "rFRAG": [
            {"value": 0.34, "color": "#FE0E00"},
            {"value": 0.57, "color": "#FE7903"},
            {"value": 0.81, "color": "#F8F400"},
            {"value": 1.03, "color": "#60FF00"},
            {"value": 1.22, "color": "#02C9B3"},
            {"value": 1.57, "color": "#D042F3"}
        ],
        "rSPOT": [
            {"value": 0.34, "color": "#FE0E00"},
            {"value": 0.57, "color": "#FE7903"},
            {"value": 0.81, "color": "#F8F400"},
            {"value": 1.03, "color": "#60FF00"},
            {"value": 1.22, "color": "#02C9B3"},
            {"value": 1.57, "color": "#D042F3"}
        ],
        "rDEF": [
            {"value": 0.34, "color": "#FE0E00"},
            {"value": 0.57, "color": "#FE7903"},
            {"value": 0.81, "color": "#F8F400"},
            {"value": 1.03, "color": "#60FF00"},
            {"value": 1.22, "color": "#02C9B3"},
            {"value": 1.57, "color": "#D042F3"}
        ],
        "medPlace": [
            {"value": 1, "color": "#D042F3"},
            {"value": 3, "color": "#02C9B3"},
            {"value": 5, "color": "#60FF00"},
            {"value": 7, "color": "#F8F400"},
            {"value": 10, "color": "#FE7903"},
            {"value": 15, "color": "#FE0E00"}
        ],
		"avgCredits": [
            {"value": -1, "color": "#CC0033"},
            {"value": 0, "color": "#CCCCCC"},
            {"value": 5000, "color": "#FFFFFF"},
			{"value": 10000, "color": "#96FF00"},
			{"value": 20000, "color": "#3399FF"},
			{"value": 50000, "color": "#D042F3"}
        ],
		"avgXp": [
            {"value": 0, "color": "#CC0033"},
            {"value": 200, "color": "#CCCCCC"},
			{"value": 500, "color": "#FFFFFF"},
			{"value": 1000, "color": "#96FF00"},
			{"value": 2000, "color": "#3399FF"},
			{"value": 3000, "color": "#D042F3"}
        ]
    },
    "palette" : {
        "credits": [
            {"value": -1, "color": "#CC0033"},
            {"value": 0, "color": "#CCCCCC"},
            {"value": 1, "color": "#FFFFFF"}
        ]
    }	
}
