{
    "date": "2014-12-10",
    "players": {
        "Qualan": {
            "battles": [
                {
                    "assist": 420,
                    "battleTier": 5,
                    "cap": 0,
                    "credits": 13842,
                    "damage": 192,
                    "def": 0,
                    "frag": 1,
                    "gold": 0,
                    "hits": 5,
                    "idNum": 1,
                    "map": "38_mannerheim_line",
                    "originalXP": 319,
                    "pierced": 3,
                    "place": 9,
                    "result": 1,
                    "shots": 13,
                    "spot": 0,
                    "tier": 5,
                    "vehicle": "ussr-T-34",
                    "xp": 956
                },
                {
                    "assist": 89,
                    "battleTier": 4,
                    "cap": 0,
                    "credits": 4494,
                    "damage": 144,
                    "def": 0,
                    "frag": 0,
                    "gold": 0,
                    "hits": 1,
                    "idNum": 6913,
                    "map": "96_prohorovka_defense",
                    "originalXP": 66,
                    "pierced": 1,
                    "place": 9,
                    "result": -1,
                    "shots": 1,
                    "spot": 0,
                    "tier": 4,
                    "vehicle": "ussr-GAZ-74b",
                    "xp": 99
                },
                {
                    "assist": 0,
                    "battleTier": 5,
                    "cap": 0,
                    "credits": 18345,
                    "damage": 566,
                    "def": 0,
                    "frag": 2,
                    "gold": 0,
                    "hits": 10,
                    "idNum": 51457,
                    "map": "04_himmelsdorf",
                    "originalXP": 317,
                    "pierced": 6,
                    "place": 2,
                    "result": -1,
                    "shots": 17,
                    "spot": 0,
                    "tier": 5,
                    "vehicle": "ussr-Matilda_II_LL",
                    "xp": 665
                },
                {
                    "assist": 182,
                    "battleTier": 5,
                    "cap": 0,
                    "credits": 18856,
                    "damage": 212,
                    "def": 0,
                    "frag": 0,
                    "gold": 0,
                    "hits": 2,
                    "idNum": 51457,
                    "map": "73_asia_korea",
                    "originalXP": 268,
                    "pierced": 2,
                    "place": 9,
                    "result": 1,
                    "shots": 4,
                    "spot": 0,
                    "tier": 5,
                    "vehicle": "ussr-Matilda_II_LL",
                    "xp": 964
                },
                {
                    "assist": 0,
                    "battleTier": 5,
                    "cap": 0,
                    "credits": 4327,
                    "damage": 162,
                    "def": 0,
                    "frag": 0,
                    "gold": 0,
                    "hits": 1,
                    "idNum": 6913,
                    "map": "06_ensk",
                    "originalXP": 48,
                    "pierced": 1,
                    "place": 7,
                    "result": -1,
                    "shots": 1,
                    "spot": 1,
                    "tier": 4,
                    "vehicle": "ussr-GAZ-74b",
                    "xp": 72
                },
                {
                    "assist": 0,
                    "battleTier": 6,
                    "cap": 0,
                    "credits": 2626,
                    "damage": 0,
                    "def": 0,
                    "frag": 0,
                    "gold": 0,
                    "hits": 0,
                    "idNum": 6913,
                    "map": "35_steppes",
                    "originalXP": 72,
                    "pierced": 0,
                    "place": 15,
                    "result": -1,
                    "shots": 0,
                    "spot": 1,
                    "tier": 4,
                    "vehicle": "ussr-GAZ-74b",
                    "xp": 108
                },
                {
                    "assist": 27,
                    "battleTier": 8,
                    "cap": 0,
                    "credits": 10663,
                    "damage": 549,
                    "def": 0,
                    "frag": 1,
                    "gold": 0,
                    "hits": 8,
                    "idNum": 12289,
                    "map": "19_monastery",
                    "originalXP": 231,
                    "pierced": 7,
                    "place": 9,
                    "result": 0,
                    "shots": 16,
                    "spot": 0,
                    "tier": 6,
                    "vehicle": "ussr-A43",
                    "xp": 346
                },
                {
                    "assist": 0,
                    "battleTier": 6,
                    "cap": 0,
                    "credits": 8489,
                    "damage": 350,
                    "def": 0,
                    "frag": 0,
                    "gold": 0,
                    "hits": 6,
                    "idNum": 12289,
                    "map": "86_himmelsdorf_winter",
                    "originalXP": 366,
                    "pierced": 4,
                    "place": 9,
                    "result": 1,
                    "shots": 8,
                    "spot": 0,
                    "tier": 6,
                    "vehicle": "ussr-A43",
                    "xp": 1098
                },
                {
                    "assist": 0,
                    "battleTier": 7,
                    "cap": 0,
                    "credits": 10029,
                    "damage": 340,
                    "def": 0,
                    "frag": 1,
                    "gold": 0,
                    "hits": 1,
                    "idNum": 55297,
                    "map": "05_prohorovka",
                    "originalXP": 129,
                    "pierced": 1,
                    "place": 8,
                    "result": -1,
                    "shots": 1,
                    "spot": 1,
                    "tier": 7,
                    "vehicle": "ussr-SU122_44",
                    "xp": 231
                },
                {
                    "assist": 171,
                    "battleTier": 8,
                    "cap": 0,
                    "credits": 14882,
                    "damage": 0,
                    "def": 0,
                    "frag": 0,
                    "gold": 0,
                    "hits": 0,
                    "idNum": 55297,
                    "map": "39_crimea",
                    "originalXP": 296,
                    "pierced": 0,
                    "place": 15,
                    "result": 1,
                    "shots": 0,
                    "spot": 0,
                    "tier": 7,
                    "vehicle": "ussr-SU122_44",
                    "xp": 976
                },
                {
                    "assist": 0,
                    "battleTier": 6,
                    "cap": 0,
                    "credits": 19512,
                    "damage": 480,
                    "def": 0,
                    "frag": 0,
                    "gold": 0,
                    "hits": 4,
                    "idNum": 53761,
                    "map": "23_westfeld",
                    "originalXP": 352,
                    "pierced": 4,
                    "place": 9,
                    "result": 1,
                    "shots": 4,
                    "spot": 1,
                    "tier": 5,
                    "vehicle": "ussr-SU_85I",
                    "xp": 1267
                },
                {
                    "assist": 0,
                    "battleTier": 7,
                    "cap": 0,
                    "credits": 454,
                    "damage": 190,
                    "def": 0,
                    "frag": 1,
                    "gold": 0,
                    "hits": 3,
                    "idNum": 12289,
                    "map": "02_malinovka",
                    "originalXP": 104,
                    "pierced": 3,
                    "place": 13,
                    "result": -1,
                    "shots": 6,
                    "spot": 0,
                    "tier": 6,
                    "vehicle": "ussr-A43",
                    "xp": 156
                },
                {
                    "assist": 130,
                    "battleTier": 5,
                    "cap": 0,
                    "credits": 17597,
                    "damage": 775,
                    "def": 0,
                    "frag": 1,
                    "gold": 0,
                    "hits": 8,
                    "idNum": 1,
                    "map": "35_steppes",
                    "originalXP": 258,
                    "pierced": 8,
                    "place": 1,
                    "result": -1,
                    "shots": 13,
                    "spot": 1,
                    "tier": 5,
                    "vehicle": "ussr-T-34",
                    "xp": 387
                },
                {
                    "assist": 92,
                    "battleTier": 8,
                    "cap": 0,
                    "credits": 20065,
                    "damage": 348,
                    "def": 0,
                    "frag": 0,
                    "gold": 0,
                    "hits": 1,
                    "idNum": 55297,
                    "map": "34_redshire",
                    "originalXP": 364,
                    "pierced": 1,
                    "place": 12,
                    "result": 1,
                    "shots": 1,
                    "spot": 1,
                    "tier": 7,
                    "vehicle": "ussr-SU122_44",
                    "xp": 655
                },
                {
                    "assist": 139,
                    "battleTier": 5,
                    "cap": 0,
                    "credits": 14493,
                    "damage": 270,
                    "def": 0,
                    "frag": 0,
                    "gold": 0,
                    "hits": 3,
                    "idNum": 1,
                    "map": "87_ruinberg_on_fire",
                    "originalXP": 252,
                    "pierced": 3,
                    "place": 9,
                    "result": 1,
                    "shots": 3,
                    "spot": 2,
                    "tier": 5,
                    "vehicle": "ussr-T-34",
                    "xp": 378
                },
                {
                    "assist": 255,
                    "battleTier": 6,
                    "cap": 0,
                    "credits": 14403,
                    "damage": 243,
                    "def": 0,
                    "frag": 1,
                    "gold": 0,
                    "hits": 3,
                    "idNum": 1,
                    "map": "39_crimea",
                    "originalXP": 355,
                    "pierced": 3,
                    "place": 8,
                    "result": 1,
                    "shots": 12,
                    "spot": 0,
                    "tier": 5,
                    "vehicle": "ussr-T-34",
                    "xp": 532
                },
                {
                    "assist": 4,
                    "battleTier": 5,
                    "cap": 0,
                    "credits": 9288,
                    "damage": 350,
                    "def": 0,
                    "frag": 0,
                    "gold": 0,
                    "hits": 4,
                    "idNum": 1,
                    "map": "53_japan",
                    "originalXP": 104,
                    "pierced": 4,
                    "place": 9,
                    "result": -1,
                    "shots": 6,
                    "spot": 0,
                    "tier": 5,
                    "vehicle": "ussr-T-34",
                    "xp": 156
                },
                {
                    "assist": 118,
                    "battleTier": 5,
                    "cap": 0,
                    "credits": 6439,
                    "damage": 495,
                    "def": 0,
                    "frag": 1,
                    "gold": 0,
                    "hits": 15,
                    "idNum": 51713,
                    "map": "07_lakeville",
                    "originalXP": 385,
                    "pierced": 8,
                    "place": 1,
                    "result": -1,
                    "shots": 22,
                    "spot": 2,
                    "tier": 5,
                    "vehicle": "ussr-Churchill_LL",
                    "xp": 807
                },
                {
                    "assist": 0,
                    "battleTier": 5,
                    "cap": 0,
                    "credits": 14951,
                    "damage": 777,
                    "def": 8,
                    "frag": 1,
                    "gold": 0,
                    "hits": 18,
                    "idNum": 1,
                    "map": "29_el_hallouf",
                    "originalXP": 261,
                    "pierced": 11,
                    "place": 3,
                    "result": -1,
                    "shots": 25,
                    "spot": 0,
                    "tier": 5,
                    "vehicle": "ussr-T-34",
                    "xp": 391
                },
                {
                    "assist": 71,
                    "battleTier": 5,
                    "cap": 0,
                    "credits": 8258,
                    "damage": 176,
                    "def": 0,
                    "frag": 0,
                    "gold": 0,
                    "hits": 1,
                    "idNum": 6913,
                    "map": "18_cliff",
                    "originalXP": 223,
                    "pierced": 1,
                    "place": 10,
                    "result": 1,
                    "shots": 2,
                    "spot": 1,
                    "tier": 4,
                    "vehicle": "ussr-GAZ-74b",
                    "xp": 334
                },
                {
                    "assist": 270,
                    "battleTier": 6,
                    "cap": 0,
                    "credits": 13516,
                    "damage": 182,
                    "def": 0,
                    "frag": 2,
                    "gold": 0,
                    "hits": 5,
                    "idNum": 1,
                    "map": "19_monastery",
                    "originalXP": 357,
                    "pierced": 4,
                    "place": 7,
                    "result": 1,
                    "shots": 7,
                    "spot": 0,
                    "tier": 5,
                    "vehicle": "ussr-T-34",
                    "xp": 535
                },
                {
                    "assist": 0,
                    "battleTier": 5,
                    "cap": 0,
                    "credits": 9459,
                    "damage": 70,
                    "def": 0,
                    "frag": 2,
                    "gold": 0,
                    "hits": 2,
                    "idNum": 51713,
                    "map": "84_winter",
                    "originalXP": 138,
                    "pierced": 2,
                    "place": 6,
                    "result": -1,
                    "shots": 2,
                    "spot": 0,
                    "tier": 5,
                    "vehicle": "ussr-Churchill_LL",
                    "xp": 289
                },
                {
                    "assist": 20,
                    "battleTier": 5,
                    "cap": 0,
                    "credits": 13014,
                    "damage": 391,
                    "def": 17,
                    "frag": 1,
                    "gold": 0,
                    "hits": 7,
                    "idNum": 51713,
                    "map": "35_steppes",
                    "originalXP": 329,
                    "pierced": 6,
                    "place": 3,
                    "result": -1,
                    "shots": 34,
                    "spot": 0,
                    "tier": 5,
                    "vehicle": "ussr-Churchill_LL",
                    "xp": 690
                },
                {
                    "assist": 82,
                    "battleTier": 5,
                    "cap": 0,
                    "credits": 12238,
                    "damage": 162,
                    "def": 0,
                    "frag": 0,
                    "gold": 0,
                    "hits": 6,
                    "idNum": 1,
                    "map": "34_redshire",
                    "originalXP": 360,
                    "pierced": 4,
                    "place": 7,
                    "result": 1,
                    "shots": 19,
                    "spot": 3,
                    "tier": 5,
                    "vehicle": "ussr-T-34",
                    "xp": 540
                },
                {
                    "assist": 650,
                    "battleTier": 5,
                    "cap": 0,
                    "credits": 21349,
                    "damage": 431,
                    "def": 0,
                    "frag": 4,
                    "gold": 0,
                    "hits": 7,
                    "idNum": 1,
                    "map": "22_slough",
                    "originalXP": 580,
                    "pierced": 7,
                    "place": 3,
                    "result": 1,
                    "shots": 12,
                    "spot": 5,
                    "tier": 5,
                    "vehicle": "ussr-T-34",
                    "xp": 870
                },
                {
                    "assist": 238,
                    "battleTier": 6,
                    "cap": 0,
                    "credits": 11610,
                    "damage": 357,
                    "def": 0,
                    "frag": 0,
                    "gold": 0,
                    "hits": 4,
                    "idNum": 1,
                    "map": "35_steppes",
                    "originalXP": 138,
                    "pierced": 4,
                    "place": 9,
                    "result": -1,
                    "shots": 9,
                    "spot": 2,
                    "tier": 5,
                    "vehicle": "ussr-T-34",
                    "xp": 207
                },
                {
                    "assist": 66,
                    "battleTier": 7,
                    "cap": 0,
                    "credits": 2512,
                    "damage": 36,
                    "def": 0,
                    "frag": 1,
                    "gold": 0,
                    "hits": 1,
                    "idNum": 55297,
                    "map": "02_malinovka",
                    "originalXP": 48,
                    "pierced": 1,
                    "place": 11,
                    "result": -1,
                    "shots": 2,
                    "spot": 0,
                    "tier": 7,
                    "vehicle": "ussr-SU122_44",
                    "xp": 86
                },
                {
                    "assist": 0,
                    "battleTier": 6,
                    "cap": 0,
                    "credits": 4452,
                    "damage": 88,
                    "def": 0,
                    "frag": 0,
                    "gold": 0,
                    "hits": 2,
                    "idNum": 1,
                    "map": "01_karelia",
                    "originalXP": 75,
                    "pierced": 1,
                    "place": 15,
                    "result": -1,
                    "shots": 7,
                    "spot": 0,
                    "tier": 5,
                    "vehicle": "ussr-T-34",
                    "xp": 112
                },
                {
                    "assist": 590,
                    "battleTier": 6,
                    "cap": 0,
                    "credits": 21561,
                    "damage": 60,
                    "def": 0,
                    "frag": 0,
                    "gold": 0,
                    "hits": 2,
                    "idNum": 51713,
                    "map": "28_desert",
                    "originalXP": 455,
                    "pierced": 1,
                    "place": 7,
                    "result": 1,
                    "shots": 2,
                    "spot": 3,
                    "tier": 5,
                    "vehicle": "ussr-Churchill_LL",
                    "xp": 954
                },
                {
                    "assist": 68,
                    "battleTier": 6,
                    "cap": 0,
                    "credits": 5742,
                    "damage": 616,
                    "def": 0,
                    "frag": 1,
                    "gold": 0,
                    "hits": 9,
                    "idNum": 12289,
                    "map": "35_steppes",
                    "originalXP": 161,
                    "pierced": 8,
                    "place": 6,
                    "result": -1,
                    "shots": 12,
                    "spot": 0,
                    "tier": 6,
                    "vehicle": "ussr-A43",
                    "xp": 241
                },
                {
                    "assist": 1192,
                    "battleTier": 8,
                    "cap": 0,
                    "credits": 25861,
                    "damage": 158,
                    "def": 0,
                    "frag": 1,
                    "gold": 0,
                    "hits": 1,
                    "idNum": 55297,
                    "map": "92_stalingrad",
                    "originalXP": 530,
                    "pierced": 1,
                    "place": 10,
                    "result": 1,
                    "shots": 4,
                    "spot": 3,
                    "tier": 7,
                    "vehicle": "ussr-SU122_44",
                    "xp": 954
                },
                {
                    "assist": 179,
                    "battleTier": 6,
                    "cap": 0,
                    "credits": 10456,
                    "damage": 135,
                    "def": 0,
                    "frag": 0,
                    "gold": 0,
                    "hits": 2,
                    "idNum": 51713,
                    "map": "47_canada_a",
                    "originalXP": 144,
                    "pierced": 2,
                    "place": 9,
                    "result": -1,
                    "shots": 11,
                    "spot": 0,
                    "tier": 5,
                    "vehicle": "ussr-Churchill_LL",
                    "xp": 302
                },
                {
                    "assist": 358,
                    "battleTier": 5,
                    "cap": 0,
                    "credits": 15866,
                    "damage": 250,
                    "def": 0,
                    "frag": 1,
                    "gold": 0,
                    "hits": 4,
                    "idNum": 1,
                    "map": "07_lakeville",
                    "originalXP": 357,
                    "pierced": 4,
                    "place": 8,
                    "result": 1,
                    "shots": 9,
                    "spot": 2,
                    "tier": 5,
                    "vehicle": "ussr-T-34",
                    "xp": 535
                },
                {
                    "assist": 57,
                    "battleTier": 7,
                    "cap": 0,
                    "credits": 15367,
                    "damage": 428,
                    "def": 0,
                    "frag": 0,
                    "gold": 0,
                    "hits": 7,
                    "idNum": 1,
                    "map": "14_siegfried_line",
                    "originalXP": 446,
                    "pierced": 5,
                    "place": 7,
                    "result": 1,
                    "shots": 25,
                    "spot": 0,
                    "tier": 5,
                    "vehicle": "ussr-T-34",
                    "xp": 669
                },
                {
                    "assist": 0,
                    "battleTier": 5,
                    "cap": 0,
                    "credits": 11530,
                    "damage": 237,
                    "def": 0,
                    "frag": 0,
                    "gold": 0,
                    "hits": 11,
                    "idNum": 1,
                    "map": "84_winter",
                    "originalXP": 270,
                    "pierced": 5,
                    "place": 12,
                    "result": 1,
                    "shots": 19,
                    "spot": 0,
                    "tier": 5,
                    "vehicle": "ussr-T-34",
                    "xp": 405
                },
                {
                    "assist": 73,
                    "battleTier": 8,
                    "cap": 0,
                    "credits": 22196,
                    "damage": 409,
                    "def": 0,
                    "frag": 1,
                    "gold": 0,
                    "hits": 2,
                    "idNum": 55297,
                    "map": "35_steppes",
                    "originalXP": 547,
                    "pierced": 2,
                    "place": 14,
                    "result": 1,
                    "shots": 4,
                    "spot": 0,
                    "tier": 7,
                    "vehicle": "ussr-SU122_44",
                    "xp": 984
                },
                {
                    "assist": 0,
                    "battleTier": 5,
                    "cap": 0,
                    "credits": 10647,
                    "damage": 483,
                    "def": 0,
                    "frag": 1,
                    "gold": 0,
                    "hits": 9,
                    "idNum": 1,
                    "map": "14_siegfried_line",
                    "originalXP": 202,
                    "pierced": 8,
                    "place": 4,
                    "result": -1,
                    "shots": 14,
                    "spot": 0,
                    "tier": 5,
                    "vehicle": "ussr-T-34",
                    "xp": 303
                },
                {
                    "assist": 358,
                    "battleTier": 6,
                    "cap": 0,
                    "credits": 7123,
                    "damage": 456,
                    "def": 0,
                    "frag": 2,
                    "gold": 0,
                    "hits": 9,
                    "idNum": 12289,
                    "map": "43_north_america",
                    "originalXP": 238,
                    "pierced": 8,
                    "place": 4,
                    "result": -1,
                    "shots": 11,
                    "spot": 1,
                    "tier": 6,
                    "vehicle": "ussr-A43",
                    "xp": 357
                },
                {
                    "assist": 289,
                    "battleTier": 6,
                    "cap": 0,
                    "credits": 12066,
                    "damage": 48,
                    "def": 0,
                    "frag": 0,
                    "gold": 0,
                    "hits": 3,
                    "idNum": 1,
                    "map": "02_malinovka",
                    "originalXP": 227,
                    "pierced": 2,
                    "place": 11,
                    "result": 1,
                    "shots": 10,
                    "spot": 4,
                    "tier": 5,
                    "vehicle": "ussr-T-34",
                    "xp": 340
                },
                {
                    "assist": 0,
                    "battleTier": 6,
                    "cap": 0,
                    "credits": 15910,
                    "damage": 552,
                    "def": 0,
                    "frag": 1,
                    "gold": 0,
                    "hits": 12,
                    "idNum": 51713,
                    "map": "35_steppes",
                    "originalXP": 316,
                    "pierced": 8,
                    "place": 4,
                    "result": -1,
                    "shots": 18,
                    "spot": 0,
                    "tier": 5,
                    "vehicle": "ussr-Churchill_LL",
                    "xp": 663
                },
                {
                    "assist": 0,
                    "battleTier": 7,
                    "cap": 0,
                    "credits": 7336,
                    "damage": 216,
                    "def": 0,
                    "frag": 1,
                    "gold": 0,
                    "hits": 5,
                    "idNum": 1,
                    "map": "07_lakeville",
                    "originalXP": 343,
                    "pierced": 3,
                    "place": 8,
                    "result": 1,
                    "shots": 5,
                    "spot": 3,
                    "tier": 5,
                    "vehicle": "ussr-T-34",
                    "xp": 514
                },
                {
                    "assist": 21,
                    "battleTier": 5,
                    "cap": 0,
                    "credits": 11002,
                    "damage": 245,
                    "def": 0,
                    "frag": 1,
                    "gold": 0,
                    "hits": 9,
                    "idNum": 51713,
                    "map": "73_asia_korea",
                    "originalXP": 245,
                    "pierced": 6,
                    "place": 2,
                    "result": -1,
                    "shots": 17,
                    "spot": 1,
                    "tier": 5,
                    "vehicle": "ussr-Churchill_LL",
                    "xp": 513
                },
                {
                    "assist": 0,
                    "battleTier": 9,
                    "cap": 0,
                    "credits": 12803,
                    "damage": 0,
                    "def": 0,
                    "frag": 0,
                    "gold": 0,
                    "hits": 0,
                    "idNum": 55297,
                    "map": "38_mannerheim_line",
                    "originalXP": 270,
                    "pierced": 0,
                    "place": 15,
                    "result": 1,
                    "shots": 0,
                    "spot": 0,
                    "tier": 7,
                    "vehicle": "ussr-SU122_44",
                    "xp": 486
                },
                {
                    "assist": 0,
                    "battleTier": 5,
                    "cap": 0,
                    "credits": 10837,
                    "damage": 151,
                    "def": 0,
                    "frag": 0,
                    "gold": 0,
                    "hits": 2,
                    "idNum": 257,
                    "map": "34_redshire",
                    "originalXP": 234,
                    "pierced": 2,
                    "place": 11,
                    "result": 1,
                    "shots": 3,
                    "spot": 0,
                    "tier": 5,
                    "vehicle": "ussr-SU-85",
                    "xp": 702
                },
                {
                    "assist": 0,
                    "battleTier": 5,
                    "cap": 0,
                    "credits": 6697,
                    "damage": 300,
                    "def": 0,
                    "frag": 0,
                    "gold": 0,
                    "hits": 3,
                    "idNum": 257,
                    "map": "19_monastery",
                    "originalXP": 82,
                    "pierced": 2,
                    "place": 7,
                    "result": -1,
                    "shots": 5,
                    "spot": 0,
                    "tier": 5,
                    "vehicle": "ussr-SU-85",
                    "xp": 123
                }
            ]
        }
    },
    "version": 5
}